id,iban,dateOpened,customerId,balance
1,FI6456169273303721,2021-09-20,168,31846
2,BA826813248648828174,2021-09-22,286,56773
3,SA1921571811712981694665,2021-07-27,60,893
4,DO74196166513019817476667105,2022-10-20,126,42786
5,SK4702650226371030417711,2022-09-21,383,81501
6,GL6660442428261176,2021-10-20,251,71291
7,HU53144127118492827771039885,2021-05-02,417,57640
8,MD4285754594558662662664,2022-02-09,182,58668
9,LT818742501714888850,2022-08-15,17,52332
10,CZ8246796047862687657986,2022-08-04,456,44144
11,BA892522071315259685,2021-09-29,26,99341
12,CY44814490892105222322436219,2022-09-03,159,39777
13,HR3476392577237749123,2022-05-31,303,38730
14,BA304944185605748741,2022-07-20,260,47592
15,SM0857314895835170834642069,2021-03-19,105,33417
16,FO3536752316092749,2022-11-08,37,64139
17,CR9628175473452220432,2021-04-08,188,64089
18,GR5847141289822288836712577,2021-03-23,90,47716
19,FO9874269394836187,2022-02-15,242,32145
20,KZ651714222882678943,2022-06-28,302,80157
21,GR5534014481375274218765557,2021-02-03,243,40327
22,FO1414150157811762,2021-05-20,303,66549
23,ME48808767250468491658,2022-01-14,27,38739
24,IS458663437836127806751860,2021-11-18,270,31062
25,PL31121572406367385127998588,2021-01-31,349,71755
26,BH32027966844880502573,2021-09-18,21,76930
27,GL5051943710832846,2021-07-20,146,37213
28,NL80CSOB6892831479,2022-02-23,256,40786
29,CH5052471593880325405,2021-02-14,225,41962
30,FR1771303432626727483702692,2022-08-07,17,49271
31,KW9845465924963926127755315538,2021-06-13,152,85791
32,FR7867985638635722167807989,2021-12-06,93,77014
33,TR715221471943855071376758,2021-09-18,346,68020
34,CZ0628658445514278156526,2021-01-02,122,25105
35,ME24988028844166676417,2021-12-06,70,84453
36,IS455553421435888654659826,2022-02-22,76,52340
37,HR2356377755856351846,2022-02-18,202,96211
38,FI3596072165345123,2022-01-04,383,26411
39,PT89224777651957468138177,2022-02-14,281,91392
40,IT515PHIWI24030237692587433,2022-06-29,126,23851
41,HR0515663565184373146,2022-04-19,410,81663
42,MU3888342844734266362593602551,2021-04-12,117,62871
43,IS046646112283193344253333,2022-02-24,153,15312
44,NL12MIHU7833623683,2022-06-28,456,11340
45,FR1131191742272121930161486,2021-02-18,385,83966
46,KW2433441668343846715458732536,2022-11-01,258,96776
47,BA475152938718132426,2022-06-09,115,14636
48,MC0869164588586271320853854,2021-03-18,455,71355
49,EE375856473137677803,2022-04-29,5,11634
50,GR2458871622555826283368928,2022-09-25,448,88940
51,GI50ICBK651683025372682,2021-05-25,384,57509
52,CZ7268048674409216684406,2021-05-30,60,76701
53,RO21NAXB1389664586758854,2022-05-29,449,38260
54,PL70427726550786867781037008,2021-04-01,364,80782
55,KZ505234811816975692,2022-08-23,215,53273
56,CH7518331379670743743,2021-01-27,114,38793
57,SI48238997874965351,2022-08-05,293,97256
58,CY35316630327428932476802485,2021-01-26,132,23796
59,LV36NTYN2798155824361,2021-08-15,32,22220
60,CZ9782211953625168516473,2021-12-16,60,79883
61,GE50920612094229313546,2021-02-06,429,1300
62,LB38527511038698592392631757,2022-01-08,286,34484
63,RS50084651648655541477,2022-03-28,309,63216
64,BG58HTAD30875676310392,2022-07-26,348,95357
65,IT092QJXMI62377552017284244,2021-05-16,174,89552
66,GI38TZYT187846360566781,2021-02-01,295,68978
67,IS694486704460515075067377,2021-03-21,409,36582
68,GL7166869680583911,2022-05-01,50,36014
69,CY13316545364742405862819977,2021-07-19,157,57582
70,RS18383424429746195931,2022-08-16,219,41010
71,MC7062336581282176571755374,2022-10-08,215,5979
72,GT24833265911318486355275484,2022-06-06,59,67307
73,DE54565457456326930075,2021-01-18,401,84605
74,CY95116666321763612141626285,2021-12-20,497,84142
75,GT82766703877882533562957738,2022-02-08,308,18280
76,AT343846837594967947,2021-06-05,330,65968
77,GE28160454071734724787,2021-01-31,187,28208
78,PS065242470371235035455466786,2021-04-05,34,8512
79,AD0988354588369449382296,2022-01-30,333,51207
80,AD9096031266972754723464,2021-04-19,346,20293
81,MC4023082675952142748127668,2022-04-24,412,45890
82,MD5481635201657651530607,2022-07-20,23,92482
83,SK0992639686656795401573,2021-03-03,263,33143
84,CZ8849638513617196835862,2021-01-11,46,27883
85,TN4823024946185565377530,2020-12-08,453,41338
86,TR275737681236671088565277,2022-11-15,16,91821
87,SE4176695605463159820956,2021-08-27,12,70087
88,PL10770127156711166206901821,2021-02-14,96,77763
89,FR5287518215280970070897335,2021-05-29,292,48899
90,BE33668666894764,2022-07-26,492,32818
91,ES5303641792527245494030,2022-01-24,262,29996
92,GE27334887597752438626,2022-03-07,30,69197
93,GT15483542200197576182364565,2022-06-11,136,41428
94,HR8736411111626003968,2022-08-29,404,89599
95,GE81447656432818358513,2022-01-28,426,88738
96,SM4256269438630670527675183,2021-05-22,105,6266
97,LI7775880735241271570,2022-07-11,61,14222
98,DK3296003832713462,2020-12-13,362,82363
99,GI63BKLL708784676145168,2021-10-24,17,13783
100,LT408891133666373116,2021-04-13,28,99060
101,GT34913436531490507135755216,2022-09-27,431,66323
102,KW4554124072412320757187818111,2022-11-23,444,14568
103,DK2485342634829420,2021-09-13,121,28656
104,BA877715817721886409,2022-10-06,239,16704
105,BE13022274809526,2022-10-16,164,97499
106,KW7043397663301436791625460175,2021-01-05,452,35361
107,SI10662147824582332,2022-09-29,330,98082
108,GT07844768774348357877463457,2021-09-06,220,34920
109,LV85FNHM2578254163331,2022-02-24,160,56266
110,NO2901676485438,2021-05-30,141,4133
111,SM6831148540219753340416274,2022-06-15,209,76259
112,EE383151591823338287,2021-04-27,222,64078
113,DE07876261311157225888,2021-05-25,64,56506
114,RO93EMPF8779336549861645,2022-10-26,302,15818
115,GL6883511678177562,2020-12-04,16,37493
116,GT72489627841724763465676705,2021-02-09,346,8400
117,IE31VEBW87475917587364,2021-12-08,181,13915
118,CY90204582862432941335721738,2022-04-23,102,15841
119,EE691176263796382788,2021-06-12,353,23092
120,FI5262185785111177,2021-09-11,376,9509
121,DE67475570943658270473,2021-11-18,190,27052
122,MR9542336864820351756850830,2021-06-25,363,95935
123,HU31546473332698245479917548,2022-01-07,206,62723
124,ME18453251610258778924,2021-09-06,20,58049
125,AE967391929594326468437,2022-09-28,330,41568
126,PT58376712314637787668818,2022-10-04,369,86014
127,KW2767742501531440480616071828,2021-04-15,46,67341
128,VG7713151593244527001683,2022-10-07,62,98711
129,CH2421654108139751733,2022-09-12,28,43583
130,BA865545141883267898,2021-07-27,188,54296
131,PL86375447242881224338334698,2021-02-10,68,33797
132,PK5567485256338840944137,2022-03-21,420,863
133,MK71477236141179769,2021-03-12,226,53673
134,SK9811042350488617857123,2022-05-05,310,44001
135,PS580822221716362483281111341,2021-12-26,128,19055
136,PS195933703716414516789860956,2022-11-07,253,28625
137,FR1677136750311463878426309,2021-12-11,58,36688
138,AD7393545658378363070793,2021-11-01,186,14792
139,CR3845607268546244671,2022-10-05,82,70435
140,VG6145324876503637423834,2021-05-28,29,25860
141,NO8407914525930,2021-06-11,234,91879
142,DK3684135920121440,2021-12-20,405,23999
143,SA3051288485045865688539,2022-02-05,34,69647
144,NO1181175972548,2020-12-08,102,61787
145,PS785223466421425797075801421,2022-11-18,421,44945
146,RO08GJWC4642728213485635,2022-02-27,67,92922
147,LI8555788814312238664,2021-03-30,210,60827
148,ES2268373656227477580178,2022-04-19,404,56002
149,PK3387215048101320037674,2021-12-06,402,5663
150,TR211181362362776480377532,2022-09-20,4,85335
151,SM6175677733254314176611122,2022-04-07,277,28561
152,LB48632652754479715757764315,2021-12-22,421,96040
153,AZ85448796110321368481125126,2021-01-17,406,22308
154,TR069283676681565617262850,2021-02-19,306,61965
155,AE934528630585462609492,2021-04-13,330,19383
156,CZ9776421725829655877657,2022-11-14,63,25108
157,LB31158825653862642322886122,2022-02-25,244,5762
158,VG6634976742181489575525,2021-06-28,25,2778
159,LT483584983283215176,2021-03-29,14,17023
160,MK49938191224185116,2022-02-28,61,79936
161,RO14KVDR2003929741477735,2021-12-16,103,29142
162,SA9452077835432519473038,2021-04-20,125,87129
163,EE418556516866796387,2022-07-14,348,46050
164,IE46EHNH03014739343624,2022-05-20,27,28206
165,IS641151867322010315857888,2022-03-20,462,77945
166,GL7538440841120663,2022-09-13,296,19352
167,SM6197014972576283544680315,2021-05-09,164,63307
168,LI7135387895136635508,2021-09-09,299,12990
169,MK12588883681163826,2022-08-11,215,27992
170,IE77KRKK65634233637573,2021-12-27,466,49290
171,MK25334726509886517,2021-04-29,326,15886
172,MT76VUNS25526656666224472745233,2021-03-25,308,69556
173,FI2514214425714885,2022-11-04,53,25329
174,ES8801555526636971437679,2021-05-25,413,3213
175,GI68UWTH667163402223522,2022-02-08,213,42394
176,LB83284414215686481881973612,2021-05-05,339,16899
177,SA4551177281534396734227,2021-08-05,269,76103
178,GI14WWAL376224516043145,2022-06-26,291,89737
179,SM5833756646632592398758022,2022-08-31,423,32512
180,SE9786261871813125856210,2022-10-28,278,53246
181,DK4840576118437671,2021-03-02,291,37616
182,CY89294413372630459930664558,2021-02-16,292,93462
183,PK0233366927879050298857,2022-03-08,305,88096
184,KZ835612126315862453,2022-04-20,144,60028
185,BG83JIYN21502675644732,2021-10-18,388,38619
186,AD8149011234285118296315,2022-03-27,173,81203
187,SK2137291685867863425077,2021-12-09,411,58739
188,HR2542345223039666272,2021-08-02,388,36762
189,EE781347615482396582,2022-08-22,198,20726
190,VG7577117544683352236764,2022-03-09,102,14330
191,MD2118444458127643661175,2021-08-26,473,57164
192,CH9593533359462961438,2021-08-02,171,58912
193,GL6553848782540628,2022-02-26,340,49721
194,PT04995121055378612438952,2021-03-08,118,24531
195,SE6510588388545954186049,2020-12-10,350,14621
196,LT423868323346172159,2021-05-26,5,67647
197,AE465798810712942431365,2022-04-28,434,87738
198,HU12158063749402774854756822,2022-06-21,459,36175
199,SI13702833348677379,2021-11-18,483,63556
200,EE596785071155447423,2022-09-06,452,15071
201,HU51851744625381115638484837,2021-11-16,479,97201
202,SI13517351307361132,2022-03-24,168,93061
203,IL456898605763825703836,2021-12-15,303,45050
204,RO96XCHM4035757541739324,2022-09-01,263,51680
205,GB37FIFA47659632077065,2022-04-02,114,82143
206,DK6159126558636526,2021-09-01,422,22423
207,MC4128907893134153623475479,2021-10-30,172,66602
208,PS849336661252675328333123253,2021-05-31,389,62459
209,ES0568430615677898565427,2022-07-16,98,85047
210,BH29662834567375093686,2021-04-02,305,40058
211,IE87NCUX34323618876773,2022-01-21,375,61895
212,LV47SYMM8146722093414,2022-11-03,165,42613
213,RO70KIPK9767428101733868,2022-03-27,337,77550
214,LT747233132029394358,2021-11-08,70,79644
215,BE26661345650431,2021-08-18,159,74242
216,GE43167341597789131684,2022-02-24,80,68691
217,TR477655723612872457992078,2022-08-13,220,8483
218,SM3030148475741565211583644,2022-02-15,196,41983
219,BG23ZPYB33451756257641,2022-06-04,174,1822
220,GE33465371866833361439,2021-05-07,98,31206
221,IL372765788753630218284,2022-05-15,338,25068
222,PS909728360215224688353431116,2021-08-12,161,35517
223,MU3016192851435956056251818482,2021-10-30,254,83518
224,SM7528537781959768591924262,2021-09-09,439,41373
225,LV72WDWD7377367627205,2022-05-17,21,32188
226,AE693753144115415738825,2021-12-01,412,65910
227,BH74509824510448915222,2021-07-19,322,6082
228,FO9758437198527349,2021-08-14,364,56487
229,ES2665011082428898644701,2020-12-18,498,7678
230,PL07641062260257330628759022,2022-10-23,413,82188
231,MK69343498725615595,2022-08-07,370,85675
232,ME19221638235086746068,2021-04-23,437,73060
233,KW5986871081134717726320275573,2022-04-01,19,15683
234,TR716256708283274887505975,2022-10-26,436,12852
235,BE68259345282133,2021-01-03,166,28970
236,LV44POKX5270348193267,2020-12-22,74,64900
237,FR2322078588881673863552578,2021-08-21,249,60661
238,LT503195962345674398,2022-05-31,393,80142
239,ES4913984111241776192643,2022-06-03,223,93221
240,NO8354021863905,2021-06-18,480,17146
241,RS09647508899636563733,2020-12-19,173,47199
242,LI2622510790427274453,2021-03-14,458,43955
243,KZ767285942151653181,2021-10-14,367,65033
244,CH6187963795676402335,2021-10-01,236,3843
245,IL518482246565435121453,2022-05-08,267,95129
246,ME75416898976486202485,2021-12-03,143,71060
247,TN6715121445510232325231,2020-12-24,195,78621
248,BE13266846577721,2021-08-08,253,6457
249,LB10686281631153667396954675,2022-02-22,399,96091
250,GI20OTVF131888142002291,2021-11-17,288,15975
251,GL7931452708888484,2022-10-04,240,9650
252,LB43086327757766311198096865,2021-08-15,196,48732
253,BE76875808362131,2021-04-20,146,9394
254,LI3780322845626901586,2022-07-30,457,93766
255,MC0388651345827158606124473,2021-08-29,76,47631
256,FI1940684122282877,2022-10-18,41,45056
257,IS496552386680788306572479,2022-09-21,378,25453
258,CH2317486248075201586,2021-09-27,83,58660
259,SK7168301424234781332527,2021-08-02,493,92527
260,SI14562079047132535,2022-06-24,66,69310
261,PK7928413177521584878426,2022-07-16,387,97067
262,GL2520764567271911,2021-09-28,406,91553
263,DO25369079054553250635823966,2021-06-06,303,97798
264,GI47LGGY436012628321660,2021-03-25,427,99628
265,IE17AGRF92932892850605,2021-11-07,268,63267
266,IT537HUMKI23718768421397480,2021-12-07,176,35760
267,CH5104990740213130017,2021-02-26,471,83627
268,PL63056513545377083765661028,2021-07-23,101,67705
269,RS14396121144316853347,2022-06-23,91,62429
270,GE64872151899991983819,2022-09-15,401,80861
271,LU363147832167564972,2021-09-20,370,70794
272,KZ540158497172845137,2021-11-01,11,69697
273,IS351189361058092427248575,2022-08-01,166,94704
274,KZ355354276108427887,2022-03-19,286,3793
275,KZ649644681682359943,2021-12-02,77,17971
276,BH98113168963743433763,2021-08-09,122,39016
277,GR7628478924848237463781074,2020-11-27,162,11127
278,DE03172554615418286717,2021-04-25,67,39796
279,LU582351355385428662,2021-12-03,380,71769
280,SE4668617152346611315518,2021-09-25,173,85355
281,GT37438771221785749491150581,2022-01-25,464,62351
282,RO85JIHV2207650239632742,2022-06-27,157,55723
283,MC9690633855359459224464717,2021-03-19,435,56688
284,DO60872195393331154184436447,2021-10-02,281,63457
285,RO91BBUN7671173362263062,2021-07-08,78,57390
286,BH33367866466317518465,2022-06-18,182,15319
287,BA464481784934418180,2021-05-04,69,25523
288,RO11NILI8424218204318934,2021-04-24,411,24557
289,KZ676557815934996124,2021-01-30,61,6836
290,GE26731364750208256207,2022-04-02,458,48324
291,AZ92412577873533672476182371,2021-07-25,100,65425
292,TN4837558628143104142342,2022-06-23,477,61092
293,DO65834222430923112168475745,2021-10-16,291,18834
294,IT891NGZHI60762865576846482,2022-05-30,29,86720
295,KZ562835732223317279,2022-05-24,170,48239
296,GR4036280229195871401068531,2022-04-02,159,87139
297,LI9776933174640142374,2022-06-04,273,15777
298,GL3290570457189775,2022-02-11,111,63084
299,CZ1142845365082486638251,2022-01-01,5,92888
300,TN7445446625542077354481,2022-05-03,6,17459
301,NO2731082780337,2022-01-08,75,25757
302,SE5127852729021502347383,2022-05-08,499,17306
303,AE749633536118704523648,2020-12-25,484,68153
304,DK1907238624848953,2022-04-28,242,28700
305,EE277389544736676545,2022-02-22,431,25015
306,NL96KHKX4666665462,2021-03-11,440,11756
307,SM2628398646446792414777263,2021-07-13,268,23203
308,LT037768102388905450,2022-07-06,91,94396
309,FO4489787373705583,2022-06-21,152,51772
310,AL26037647574386771363531398,2021-04-23,250,68928
311,IT668QORXI73349142797763862,2021-03-31,428,57156
312,FR0611882980514199424321224,2021-09-15,472,69859
313,MR6215256603479883515352365,2022-05-05,76,4112
314,PL89420322372921462946767210,2022-05-31,74,42804
315,BH70684717262915788118,2021-01-03,127,96694
316,LT637216141888336017,2022-10-22,482,95823
317,SI40503230515127141,2022-01-04,467,32332
318,EE197241041351212230,2022-06-29,85,98635
319,DO37988263837372728647499662,2022-03-28,207,18349
320,PT70992208211293824644836,2022-07-17,71,10008
321,DK2374035616891255,2021-04-25,220,21079
322,DO58335588195476740779158951,2022-08-30,93,51027
323,IT212WGSGI27197764988191825,2022-10-17,204,11811
324,DO64578032978318738056285867,2022-03-06,30,15705
325,AT898570466042656328,2022-02-15,427,24483
326,DO86504791343166188522379126,2021-11-08,48,97636
327,CR7974315653634634127,2022-04-29,263,60737
328,AE673166134535859428623,2022-04-12,19,82945
329,AD6735467405348966363015,2021-08-18,283,26689
330,RS18771185731799158255,2021-12-24,142,33332
331,FR0369655036072800169133183,2021-08-30,305,40511
332,LV63JTGS7278172886560,2022-08-29,76,11373
333,MD5448845948348065677584,2021-08-29,165,92649
334,MC9086376096096845853856046,2022-03-13,147,86303
335,AL59023683479049933877223436,2022-01-21,253,69388
336,CR5071339373713365588,2021-01-09,283,7189
337,SA6265625409007313233126,2022-06-13,34,46405
338,LI7684433035487149865,2021-09-12,266,44747
339,PS621980385547882348373133555,2022-10-24,463,83716
340,LV37QFVH1772646524345,2021-05-11,485,54674
341,GB64WDTH44610655932637,2021-11-29,147,96562
342,FO4519420265956386,2021-09-28,34,9326
343,PT85719136506831832949827,2021-07-13,65,83540
344,LB80358311377781817559705978,2021-03-08,259,8627
345,DO30177774723814126857863456,2021-04-08,151,31449
346,PK2301313160805803024808,2021-04-04,491,130
347,AE723283518032275168151,2021-06-02,323,4175
348,RS55482685545246767667,2021-07-01,82,20304
349,NL08XABB6787445487,2022-11-16,305,15799
350,GR2796085675544614927268123,2022-07-15,233,5468
351,IT033XENBI65618529125930967,2022-10-15,34,49845
352,IS217933842674225162013862,2022-06-11,291,41952
353,SM0376706715488481373936847,2022-04-29,102,52941
354,CZ2984488811176543376257,2022-02-24,281,78319
355,MU8131138176658182257287486325,2022-08-31,301,9006
356,DE76582486895375281782,2021-06-14,219,7527
357,HU26142062236599552932743851,2022-04-07,245,8741
358,IE80TTYY61244524412824,2022-06-16,346,8251
359,SM7351111671843164677868559,2021-04-06,132,26778
360,MR4839379657765504144223138,2022-06-13,327,40519
361,VG2278979757431164286514,2021-07-15,216,4935
362,MK16673307260451482,2021-08-16,162,73129
363,IL758646013590667330607,2022-11-19,197,44267
364,DK7657629795331846,2022-08-22,76,92891
365,DO46311463497441182422628958,2021-10-10,369,36240
366,GE29553665451558231205,2022-06-02,226,23768
367,BE90533371313720,2021-07-22,167,50550
368,PK7355110644344746635260,2021-04-07,154,48633
369,GR0838287819591814227658295,2021-08-15,230,13705
370,SK7393256146254743465653,2021-01-11,319,92300
371,MD9129675028452124544382,2021-04-11,250,62291
372,AT786924882465383946,2021-09-23,177,62557
373,GL5084137543671728,2020-12-15,114,97447
374,SE2856042217341456074521,2022-07-14,329,44032
375,IT339CQKUI76548675566061847,2021-12-05,213,77813
376,AL76458557627213447178107857,2022-03-12,146,22610
377,LI8429520974326294576,2021-01-19,36,385
378,BG87VYXX17854844068296,2021-06-25,230,52314
379,KZ956861214138171559,2022-07-13,95,99161
380,IT839SBCFI34964926311869523,2021-01-25,111,78102
381,LV30EGKT9550362534918,2022-01-21,383,71095
382,PK4596554745383331767023,2021-03-03,230,27360
383,SA6749621512186433885487,2022-02-10,382,75427
384,GE08343791478473716551,2021-03-30,117,90741
385,MC4169675865354751850171491,2022-05-02,108,75266
386,NO2143758278434,2021-04-22,412,58692
387,BG65QGYU38769836334518,2021-08-21,447,29565
388,LU747093675355216706,2022-05-06,302,75737
389,PT29337225264178492818185,2022-10-28,478,42637
390,IL145836026043658237920,2021-08-17,201,85852
391,NL45UXNZ7151813685,2021-10-06,142,71273
392,IE81VKMK62364983082980,2022-03-08,442,46798
393,RS39424674896382674417,2022-01-11,92,25382
394,MK85489773736447622,2022-09-03,241,89741
395,LT040414276517250665,2022-07-05,327,55100
396,SA0688824149972669889879,2021-06-14,433,3975
397,GI89SZGQ745567541597267,2022-02-18,450,20683
398,GI30QRWH572246557593052,2021-05-26,209,38150
399,MD6850858213464164394362,2021-09-15,337,67564
400,ME62668605847485756552,2021-11-08,418,64002
401,LU932320757870381479,2022-03-27,114,6023
402,IT446EPAYI17327295747832058,2020-12-09,32,87008
403,DE26492248492612113390,2022-05-17,369,36711
404,GE77317391927615154100,2021-07-14,297,76041
405,LV70DPMF7779534680355,2021-03-28,44,23949
406,PL42804027436435290546478824,2022-07-26,494,79769
407,KZ948173430776282294,2022-09-16,391,501
408,TN4356119252138765140861,2022-11-23,176,23597
409,SM6627012423577556397536863,2022-03-09,248,72898
410,NL24HEYW6556873733,2021-05-07,425,66302
411,VG3864118763893732326107,2022-01-02,492,73131
412,BG57KNNT71440645205375,2022-11-16,389,15733
413,FI0979287382247815,2022-11-20,455,88183
414,BA961933977814718480,2021-02-08,342,82342
415,IS223965768278829465123662,2021-10-25,36,74632
416,IL435719174357787765177,2022-02-20,107,7231
417,NL15OMSR6086811582,2022-10-30,29,92047
418,IS936448557423182506398378,2022-01-16,133,87393
419,AL79315163762454080226826681,2021-04-20,436,10892
420,AT113215164476836635,2022-02-16,194,8949
421,GB68HERT33625478584507,2021-06-25,271,35594
422,GR8536097352616815264313674,2022-08-26,290,31546
423,BA606763982688567675,2022-10-18,137,16318
424,ES0390453429480789201074,2021-12-19,476,94616
425,FO5458675676576771,2021-08-08,316,88313
426,CZ4021563725377259383231,2022-04-26,91,38181
427,RS32185672018786542643,2021-10-17,495,73648
428,ME96746475029185930254,2022-04-17,40,34670
429,TN8214522355987078485297,2022-02-15,240,12000
430,DO33550411878258259011573518,2021-11-09,302,33259
431,KZ550381266873783223,2022-04-06,219,38462
432,DO73898255468124436663611493,2022-01-20,210,30756
433,EE147375168257797868,2022-11-10,87,95005
434,RO62OMQR5587769233641565,2022-03-22,87,55445
435,HR1432435958473604372,2022-10-23,433,78151
436,RO65RVBI7627953456331873,2022-09-26,119,40056
437,GB93OAKQ62523191743254,2021-09-24,53,52743
438,PT57030741417912254311962,2021-10-28,184,14242
439,LT413628679693964797,2022-07-11,340,33364
440,NO3086865828761,2022-09-14,338,27655
441,TN4667378826216429181747,2021-05-24,356,18031
442,RS69351652356226878829,2021-11-04,467,70379
443,MD7535183283769566342343,2022-01-24,9,87381
444,TR651914116088716882625637,2022-07-02,469,75078
445,BH54117170228155371933,2021-08-01,448,32044
446,SA6796244742786585027871,2021-11-02,228,67803
447,ES7458344574632203771807,2022-11-16,11,99179
448,PL36918126357149513163228647,2021-01-09,189,48345
449,PS791423023327836057171563541,2021-07-01,198,32609
450,LU095050410155589449,2022-03-14,445,38850
451,RO23PYKM1714647667617218,2021-09-04,72,60355
452,AL87786265824697951638613891,2021-05-13,75,24755
453,GI03CVOY256536455258649,2021-05-03,78,81155
454,CY69282132645613822487507615,2021-09-30,13,61923
455,SA7121540067876827156472,2021-06-08,412,96339
456,TR088791464386246864434009,2022-07-16,250,45302
457,MD2427894565574388607298,2022-01-18,416,7606
458,SI44202514578114854,2022-09-10,52,33198
459,RS91233834467707443110,2021-02-26,206,82430
460,CH8948450725368156692,2022-08-28,280,35964
461,KZ217076466352875489,2021-06-27,73,76451
462,CZ2234156873863327357784,2022-03-16,116,13812
463,SK6299145434789201327614,2022-02-18,262,84590
464,CZ8220267877894188342844,2022-06-26,495,78170
465,GB89DPRL23914158335248,2021-05-11,52,81212
466,DE98521933881538218474,2021-06-09,162,76100
467,MU4402747124841754798764706482,2021-08-30,481,60799
468,MK02353387786836387,2021-10-23,331,41495
469,FI9607779362199323,2021-06-02,328,7761
470,EE866780274687487419,2022-08-20,426,70836
471,CR7663434604441390678,2022-11-05,404,28521
472,TR887581845153754787490374,2021-04-26,348,31098
473,MC8624367989566728841133726,2021-01-01,192,52588
474,PL88717811513678782766324613,2021-07-21,254,41272
475,BE47882958823771,2021-01-28,262,87016
476,LV12ZOWG7284279889098,2021-09-12,469,20236
477,NL20CFMJ0278682704,2021-04-29,414,5330
478,SM5121761232981478603316680,2022-10-29,118,45141
479,NL15XTKH7621561354,2021-10-06,436,46230
480,IE71RQUK97225358726856,2022-08-23,82,92472
481,FO3473884285718348,2022-07-31,79,12043
482,NL21BJRX0309790567,2022-09-30,333,11581
483,AT548296207851911567,2022-09-21,49,47971
484,EE909177186110386844,2022-07-19,493,95503
485,CY81016174343978422943730165,2021-11-24,416,54871
486,AL28185962633853641807688604,2020-12-29,163,24020
487,DK9574880067526464,2021-08-18,142,55013
488,NO2014831474377,2021-06-14,243,19874
489,GT83517273546943685053916298,2021-11-29,91,54959
490,HU36213983403113655689358795,2022-09-02,405,75667
491,IE47OAVS75730541688713,2022-10-01,39,45581
492,SI28215114733742476,2021-04-20,223,3366
493,BH33343546312444615437,2022-01-28,454,14530
494,SA1084848255326423730126,2021-05-07,281,37394
495,TN5376520917858465837235,2021-12-22,174,14400
496,TN8911644252674610439860,2021-12-28,150,17878
497,PS742829389423799381651742335,2021-05-11,206,55103
498,VG9223587125044582612376,2022-01-07,349,56909
499,BE21623652541383,2021-04-02,431,90189
500,LV38XXSJ8190500553314,2022-10-12,221,43589
501,GB21UCTX36463672942393,2022-05-11,452,48467
502,PK4960366063824111134555,2022-07-22,693,90412
503,GR3196747295415551334099128,2022-06-04,316,4574
504,MR7567036687161792183218734,2022-11-11,375,55389
505,HU47603006971788728345846516,2022-05-26,629,39147
506,MU5746076363572254983355931677,2022-02-05,586,19720
507,SE3828158119153658252439,2021-01-01,391,25237
508,BA926625965681837733,2021-03-02,106,59524
509,MK09185605738028013,2021-03-22,480,72806
510,LB55148337523642782027227134,2021-05-10,891,12209
511,DK2136523101782155,2022-05-02,57,80450
512,LI9744462732188505043,2021-08-17,772,11017
513,HR9472734344651337248,2022-02-14,316,14256
514,NL63SOUM8044307757,2022-07-12,681,36485
515,DO97317435841187985048823933,2021-01-08,307,60933
516,BA427883512681854379,2021-06-24,955,16860
517,MU6835677958164189223145132511,2021-08-29,915,34987
518,HR0416626725384145394,2021-03-04,16,47406
519,LB54047631261541716434511537,2022-11-15,760,17972
520,BG67AGXX83876819043586,2021-02-15,712,61801
521,ES3164445317805138542649,2021-10-13,765,76772
522,HR1887812840921676062,2021-08-23,452,93288
523,RS27784911112752737454,2021-08-13,638,59423
524,SM2149548943216673534862462,2022-05-16,868,97377
525,IL558283153442791813503,2022-09-24,362,30864
526,IE76XKVL87554106474448,2022-09-13,537,92676
527,BH56212127123707331084,2022-09-18,697,4200
528,VG9635554190366532425758,2021-02-07,672,93987
529,AE158035136759270504985,2021-12-09,700,42592
530,BE81936517456676,2021-06-01,108,72337
531,GT68314449183506283651631132,2021-09-12,69,99081
532,AD4431217768758836068841,2022-05-21,773,37788
533,ME24884452918714674401,2022-11-11,414,87569
534,DK5223166433376275,2021-06-14,852,9782
535,MC2757431943159433167897506,2021-02-19,269,4849
536,IT209THSJI57484646115884154,2022-07-10,32,28373
537,PL78643575818739699781035580,2021-11-22,20,14174
538,LB03187661269146653670664178,2021-01-10,270,16978
539,VG3711655385627638035683,2022-03-26,890,14323
540,MT43ROJW78527702726819836675232,2020-11-30,988,88179
541,CY34522434832231374767366622,2022-06-16,397,30064
542,FR2806342802654308170656448,2022-05-23,278,51641
543,ES1252828329754156604296,2022-01-20,810,74086
544,LU637235747184877393,2022-02-10,37,99990
545,BH29457316829584954086,2022-05-29,440,71797
546,MK13899013626067773,2022-05-08,542,46953
547,HR0261254789416446570,2022-09-04,515,72052
548,BE02936983982217,2022-03-10,76,27661
549,PS513547465643520715839512773,2020-12-14,427,20281
550,GR2302865838534084299634745,2021-03-25,154,80919
551,TR875819155313067230575864,2021-08-09,142,56499
552,TR261371461584862472611347,2021-09-01,375,71873
553,AD6452839438633310687584,2021-03-30,804,11518
554,BG63CPVH77973368258405,2021-12-07,355,54009
555,CY68326592147071918746860177,2022-03-12,462,44282
556,SK2681802414537286147134,2022-09-22,899,99920
557,AE166829470748498722995,2021-05-24,380,35775
558,SM4415339571243161062402573,2022-06-07,250,72046
559,ME69232211388351667627,2021-11-29,772,43244
560,VG4718558654647886788308,2021-01-25,225,6388
561,SK3683303389344641774872,2022-01-24,824,71537
562,AL88472468694557721690283632,2021-06-28,541,39794
563,SE2849877456228711937771,2021-02-22,345,64230
564,NL57KUBK2832536145,2021-05-11,847,14763
565,KW2583993919353441665240527862,2021-03-12,171,95096
566,HU29761121321407111373523037,2022-08-16,330,86396
567,GB67PXTO12574503556855,2021-01-23,74,58114
568,ES0625344570762888989254,2022-03-03,738,13859
569,DE47379465552661542615,2021-10-09,441,49622
570,CY08677270365004376231295614,2022-05-10,981,55818
571,FI2285738156181401,2022-09-17,997,89802
572,PL44352844555617474846117658,2022-04-25,621,26626
573,IS765685234715165651548646,2022-11-03,246,65208
574,CR3098620114238268524,2021-05-09,951,90388
575,CZ3348376346661893248752,2022-04-05,311,83057
576,GE85885304313793163560,2022-06-19,694,86128
577,GT42772310189368261887422963,2020-12-16,419,92882
578,IT440WNCYI07321130868699070,2021-06-20,239,56851
579,MD2432113262632265547335,2021-03-18,704,77539
580,CH7621181078179635871,2022-02-24,140,45892
581,KZ882221975403668446,2021-02-06,359,46306
582,FR6116722691725768932635158,2022-09-05,611,68118
583,DK8415643097883247,2021-05-07,618,39600
584,GT87770058551950795360741074,2022-06-01,172,80010
585,AL86519794731607893893639798,2021-03-31,278,26619
586,LI7373812591752653746,2022-02-01,297,24842
587,FI2537663807882931,2022-02-26,181,11738
588,GL1003566808808793,2021-10-12,111,65526
589,CY72765880777445774862165592,2022-11-22,691,88132
590,IL206066477574685794707,2022-01-19,674,78954
591,DO90733260132448856652142277,2022-10-22,569,1803
592,EE909176005424622220,2022-10-30,359,54813
593,AL39882670777849053488016934,2022-07-04,906,89971
594,FI6513887397776867,2021-10-22,30,61859
595,HR7122677502383356072,2021-03-22,286,24666
596,BG22IILB31355472793512,2020-12-16,763,3848
597,TN7724565983025945786866,2022-02-06,179,59848
598,MT41XXXY40443337573142760161363,2021-03-28,299,31160
599,KZ074233648062977241,2021-04-29,695,13283
600,IE92GEMH57758664216225,2022-11-11,500,15308
601,BA964535873615873739,2021-05-13,549,12097
602,PL47667243241732384942325284,2021-07-10,321,61541
603,FO6642113175416281,2021-11-22,856,47554
604,NL42JTBD5491587203,2022-01-25,584,5683
605,ME11695675008184118265,2021-12-19,225,23686
606,SM9582245948341457714412846,2021-11-08,754,96249
607,CH1582473374258504122,2022-03-07,580,57751
608,ES9392841040071560754661,2022-03-17,61,47962
609,LV35VBFR3813097992113,2021-11-06,246,99214
610,PL15385251415137712338373202,2022-03-17,331,3451
611,LT041472712807799694,2022-02-13,405,64269
612,HU18855170661936839628479396,2021-12-31,880,86619
613,VG3815173384069316163285,2021-08-26,534,72718
614,LU896171517588470943,2021-01-26,537,35160
615,SM6526847539278712522974082,2021-01-07,327,3788
616,CR2914145373802025658,2022-07-25,831,47827
617,LV54GOSZ2203242153811,2020-12-28,886,52521
618,LV53IGBN8112226111225,2022-09-10,145,71232
619,ES9414877053362285461675,2022-02-01,907,22095
620,BG25ZFCD48279398413518,2022-10-22,394,32580
621,DO76655144844521541414173585,2022-04-03,127,94150
622,FO1452048957353581,2021-05-10,462,12402
623,SI47725580980720893,2020-12-21,265,26075
624,FI6699215288515779,2021-09-28,454,50093
625,BE38902825290046,2020-12-26,603,56523
626,RO65CNDL1484449474148570,2022-06-20,125,90069
627,LI0786167741652383305,2022-10-11,92,21387
628,TN7305239171252867134552,2022-04-14,57,73487
629,TR890244434826814103445349,2021-09-28,327,57790
630,HU81752520339778342083315181,2021-01-30,185,22584
631,CR1051400721808820017,2022-09-28,947,3338
632,CH3478538862495427376,2022-06-03,132,71687
633,KW7923667685631422715685337733,2022-08-04,831,39500
634,EE905067054481462558,2021-05-02,213,72349
635,LU406162504568442508,2022-04-03,518,37287
636,KW0315555554216134473743515634,2021-10-28,665,43642
637,MU4745086885387333870716065821,2021-06-12,589,57461
638,MC3213457328726874576437335,2022-11-08,111,34109
639,GI66TWQE015385040345111,2021-03-06,705,61126
640,PT47388173942647869028234,2021-01-18,156,86368
641,GB51BDYN09676040295137,2021-10-12,295,46914
642,AL85090848577679248487198605,2021-03-13,943,672
643,GR6778867681183470766216531,2021-02-20,91,60255
644,IE64VYMM82745198715213,2020-12-31,15,85842
645,MU9722824510388489888715185582,2022-07-25,551,82475
646,GT67216827433646677578764697,2022-02-23,516,54828
647,HR3316821561015968759,2022-04-06,208,68698
648,SM5463253532177757529286855,2021-12-22,107,26303
649,FR8005551531256432543481528,2021-10-26,903,87661
650,VG3726885485523861870016,2022-10-08,257,65580
651,MC3806921451550135250886762,2021-11-10,433,79498
652,AT915692822855645372,2022-08-22,816,29094
653,SM0649682345491289632906580,2021-03-17,460,88634
654,FO3322170362165866,2020-12-09,530,8673
655,LT562241421214138447,2021-12-21,167,79436
656,ME96082855797809411331,2022-03-01,925,20760
657,DO19935954502349570103456717,2021-05-19,569,14161
658,SM8320756575661285377723164,2021-05-28,555,13165
659,MU1004733442721889264133858214,2022-10-05,135,54573
660,GL5488538447384158,2022-10-27,371,67452
661,NL70XFYC8652875515,2021-05-17,878,8670
662,SE1814877875271194262828,2021-03-14,862,14422
663,MK88153356209814718,2021-02-20,599,19971
664,RO77IYAX5862774488587836,2022-01-24,577,12809
665,IT076LYGFI74438574952374529,2022-07-17,152,17786
666,DK9329755822551027,2022-09-05,230,7624
667,CH4564171564183754647,2022-01-02,285,65226
668,SI83998187714329148,2021-03-06,365,75241
669,NO9858537797769,2021-09-22,323,20983
670,RO12OGRC8134485265223322,2022-07-15,30,45851
671,MT91JINN72711236781580518388664,2022-10-08,392,86584
672,PS742711522204507234496415716,2021-05-15,500,21086
673,LT841827828311363249,2021-08-14,272,83494
674,IL336365841391655242461,2021-12-06,798,69974
675,IT377RIQCI03185442613419472,2021-06-08,36,45844
676,CH5685404752075567173,2021-11-23,737,28021
677,BH74898944072721788755,2021-06-30,774,1167
678,ME72897015692599454458,2021-06-01,567,37207
679,NL08GXPN7055727798,2021-11-08,997,44158
680,AD7065171535275514367150,2022-07-13,924,5892
681,IT273TWXMI22156748751457993,2021-06-21,298,69557
682,BE71222670133621,2022-04-07,1000,23072
683,EE871798368935144512,2022-05-14,916,84203
684,SI33376721631712378,2021-06-11,560,85359
685,PK3625429404433112278338,2021-12-13,337,66438
686,TR385572908189028649861175,2021-09-29,327,52412
687,LI7163725163632954182,2021-11-16,456,31179
688,PS698196821827238263171541783,2020-12-31,808,43796
689,KW5946638910663837243562102377,2021-02-10,881,85840
690,FI2092717058055631,2021-05-13,728,22937
691,AT421836517001798083,2020-12-13,19,46556
692,SA0301649782283139059880,2022-01-15,503,22296
693,CH1414677681755647646,2021-12-26,515,38624
694,ME22956568824716917732,2022-02-26,72,41
695,LV96ZWIJ6229490529652,2022-08-22,961,31707
696,ES1215514347356868399884,2022-08-03,843,38785
697,GL8195833172283232,2021-05-10,632,70690
698,LT612750614634291818,2021-04-19,368,37280
699,AT795760895676107062,2022-03-15,258,24132
700,KW1734752430189518039470745001,2021-01-02,892,6876
701,DO95371035153946129373533564,2021-09-25,838,34514
702,MD2854337387747746463578,2021-10-17,637,87144
703,DO23102111768316870772671372,2020-12-01,822,37181
704,GB38CUEN47326208167696,2021-05-01,342,97424
705,SM9150678415525883878175073,2022-11-17,515,11007
706,MU5830695648498977847816482687,2021-09-14,850,14152
707,CY47216408862473542750550681,2022-07-01,571,87726
708,BH43512431616936679701,2021-04-09,293,16782
709,MR2296355879066262243091748,2022-01-10,259,22482
710,FR5378041088537432813527223,2022-01-15,272,88580
711,DO44210152534406316566432402,2022-10-07,796,4819
712,SI35808743345021723,2021-03-10,492,90598
713,GL0268252879924347,2022-07-03,316,99963
714,AT266435197213258618,2022-08-04,185,19799
715,PT09685844919718457330962,2022-07-21,300,79948
716,SK3945574627761664738336,2022-05-15,614,43676
717,RS21571064851431988863,2021-01-21,65,54330
718,CH1848483788490537235,2021-12-26,662,29172
719,TN2465856226323640452494,2021-01-16,693,13674
720,PL90591816794481724324842189,2022-02-16,93,33249
721,IS381847745539545785499630,2022-09-08,732,66083
722,GI95QCQK166471122218828,2021-07-13,375,29516
723,FI0433147227762483,2021-02-02,882,84874
724,HU06686836211533433666145933,2021-02-03,260,69780
725,CH7362488133108111758,2022-07-04,978,31102
726,PL37513518517218216656220515,2020-12-16,869,81531
727,NO2743773659131,2022-09-16,905,1143
728,SI64681393412007766,2021-02-16,887,80299
729,HR0456712344562172565,2022-03-28,689,48319
730,SI52442875374338541,2021-08-11,865,94905
731,IS897849355012260192453563,2021-04-16,533,17922
732,LB24606521645268810655367269,2022-11-12,253,53372
733,BH47554725374183512924,2022-04-27,653,32401
734,GL1178962536774267,2022-03-17,386,60622
735,MU9566283623125138791251326737,2022-02-20,967,29307
736,PL52148451765824107325438136,2022-06-14,715,50022
737,MD5276336009394346746211,2021-05-23,93,9416
738,TN3270582659508907158359,2022-09-25,55,44214
739,PL21515536545521238316141475,2021-09-12,280,38750
740,SM1778813161095905475956417,2022-03-08,218,13137
741,CZ6044835665233327675538,2021-05-12,177,11166
742,DK0518735682512225,2022-04-09,680,4838
743,CR4668641845774545527,2021-02-16,123,12028
744,NO8863821702132,2022-05-23,396,57173
745,PK5831724868569735682857,2021-06-08,761,57617
746,PK4855332931733642632477,2021-10-24,633,41388
747,AE976067984123486416663,2022-05-04,129,55101
748,AT760130660421045852,2021-04-16,587,25369
749,LU311318912289256387,2021-01-29,993,39474
750,KZ709199567205682468,2021-01-03,366,47915
751,LT588165185375127091,2021-10-01,838,58535
752,KW9637312115826415832027395055,2020-12-31,655,83056
753,MD0754319077192038624758,2022-08-13,887,11916
754,RO72HLWT0180934626656678,2022-06-17,235,4474
755,MD2034446660614809856877,2022-01-03,537,40123
756,SK9877758536174731789294,2022-04-23,868,83300
757,MC1728333284433668634887723,2021-02-19,578,67514
758,BA033555312363970661,2021-04-18,838,97487
759,CR5287911953126814451,2021-08-24,354,72615
760,LU188296758755252291,2021-11-14,470,19667
761,SI07648267167622741,2022-01-27,726,39565
762,IS313195741639868698263220,2021-08-02,159,48851
763,GE22327637378517426716,2022-10-10,703,45949
764,CY31104194903046432633854428,2021-01-21,392,54815
765,MK26521857416072822,2021-10-26,939,54875
766,MR6231424372339628951335564,2021-08-12,119,85034
767,DO78190664450336467678473082,2022-05-06,805,95965
768,IE66WQCN22513615161754,2021-05-18,934,94624
769,SE9128515111822321873819,2022-04-24,910,28398
770,HU16225777526724145223976479,2022-04-26,11,7925
771,DE12813353807110075354,2022-11-13,629,73177
772,MR2831537972770697385868334,2022-03-21,840,24265
773,VG1599962121116885786595,2021-11-01,266,60008
774,EE571161221773864498,2022-02-04,938,85949
775,DK1986151367213924,2021-11-05,948,60559
776,CZ6183126512421988632172,2022-02-06,741,1149
777,EE525134616526371281,2022-05-24,117,43067
778,CZ8007072116008186554803,2021-09-12,362,67106
779,SA9102066240679041434404,2022-05-03,649,13798
780,PK5945112873477587649756,2022-03-04,372,54809
781,NO9032653361687,2022-03-13,246,89991
782,FO0403314596168152,2021-12-13,712,24114
783,RO91FYHX4403267855874022,2020-12-04,804,32223
784,DE23036032427630102644,2021-12-07,102,15590
785,IT051GSKGI35445566211142480,2021-01-17,126,46512
786,CH9451475436701659870,2022-10-06,268,93570
787,FO0453218633335242,2021-06-21,761,8486
788,DK8465412705936205,2021-06-04,701,1305
789,SK6464380767627738250148,2021-05-11,938,43084
790,LV76JSZD2933361430744,2021-06-15,401,12915
791,TR148340411078014740672714,2021-10-17,851,19905
792,IT418UGMNI46961119909140313,2021-10-02,342,22843
793,BG19NKGY26463741215531,2022-07-23,443,11944
794,GR6012484735246122583591514,2021-11-15,646,24030
795,LB81286218205271702324224315,2022-04-10,943,122
796,LV90UTBV6664628153454,2020-12-29,904,84713
797,SA2043545276771028603296,2021-06-23,443,30978
798,MC9167627652543538484861233,2021-11-01,595,29011
799,CH2120494013134040256,2022-06-18,641,74730
800,MC0957215311658889321776528,2022-02-04,645,2129
801,MU7012718473658577768544834169,2021-09-06,884,31780
802,GB89WZWV24380862440354,2022-10-21,776,1224
803,ES4054378525138583127227,2022-05-16,461,20481
804,ES6116272595786718383244,2021-05-10,275,54678
805,BH71218770264653937392,2021-01-13,584,30128
806,KW4971266476822141497191262578,2022-08-13,888,9276
807,ME75767154897635388811,2022-09-18,974,92237
808,MU4893785157140265144612171668,2022-07-16,86,84065
809,AD1486881808093121135534,2022-02-21,991,8168
810,CR6062744517945530731,2021-03-08,172,91467
811,MC5751765962386837143415356,2021-01-04,236,64495
812,IE90QJBL22573897145137,2021-07-28,566,26698
813,SE7918523589287244378465,2022-06-11,12,51051
814,IT715KRXEI21888564214774546,2021-10-29,345,87250
815,FO6483245915614354,2021-08-24,551,84438
816,PT65772541336144946872314,2021-08-20,367,95434
817,SE8313301843777477368115,2022-08-26,322,76587
818,GR7273138471922165793310181,2021-05-30,459,69798
819,ME03632055488777623634,2021-07-27,229,15610
820,CZ2127480803954182722392,2022-08-23,790,51373
821,IT892KMHII24786337724807782,2021-05-01,133,53704
822,GL5911844627245681,2022-07-13,142,20768
823,AZ45923657710410486836351021,2021-11-04,435,47065
824,BG50QITM63867213635964,2021-08-20,501,30258
825,FI4623487523502212,2022-02-22,244,49082
826,GI23YTHU880494399786361,2021-02-21,612,34443
827,PS530544161683452396113447865,2021-07-03,429,27627
828,SM1464448638413562529023355,2021-08-09,737,47322
829,VG7146087047112038684112,2022-03-31,830,54763
830,VG2551655516325836853174,2021-04-22,899,93779
831,LB38633897115833331741738179,2021-06-27,602,93891
832,PL20832142558976921645545623,2021-07-10,500,82972
833,SM3015112303717616175281511,2021-12-27,197,6404
834,IT282UNSNI19238703654895543,2022-01-04,264,71937
835,FO6721662454314484,2021-09-01,867,70065
836,AL16956804287740351168618192,2021-03-08,636,25189
837,FI8209378357818718,2021-05-13,78,97471
838,CZ2185599519098186113707,2022-10-31,69,57357
839,GI11XDCH520382258277947,2022-02-28,632,45767
840,DE45834568400512448714,2021-05-02,966,52077
841,FO6542787544386524,2022-05-16,689,78833
842,DO36636740230877791833377251,2022-06-07,406,8797
843,AL23872283117947666237424623,2022-08-31,41,93657
844,IE08VLLM97414225184888,2022-09-01,269,33005
845,AZ06582662492387644763417065,2022-01-16,187,60808
846,CR4184488335684523429,2021-02-10,39,73021
847,CZ1252119614765485386727,2022-07-18,739,24580
848,MD3317241818861901418695,2020-12-19,877,67579
849,MK56627218965433173,2021-12-12,412,29595
850,RO34OECX8246547335357649,2022-07-17,629,85015
851,AE861502692156557578363,2022-02-12,193,59309
852,HR8653881378382771176,2021-07-18,38,57893
853,SA9711310692466643444350,2021-10-04,978,80973
854,SI07439142468155178,2021-07-12,337,73007
855,CZ0836385162580066654785,2022-11-13,606,57375
856,GR5433432552574982446422957,2022-03-16,222,26865
857,VG5124636132955736058716,2020-12-07,339,33863
858,GB44XFHF37070135594545,2022-09-05,660,21803
859,SI17882552618558439,2022-01-22,627,9622
860,LB28366212781248357417083273,2021-10-12,233,2199
861,KZ466449363746116269,2021-06-25,969,52263
862,DK8024042583582788,2022-08-11,266,96265
863,FR4443717615657437226066000,2021-01-22,714,52496
864,SK7038698005243993644513,2020-11-30,53,32223
865,NL19ICUU1181722664,2022-02-11,798,61163
866,DK4471802781537775,2021-08-06,16,2206
867,SK6249576717845215554451,2022-01-17,457,58364
868,SK9061634605825731017459,2021-06-15,224,85429
869,LI6817664008102847113,2022-04-20,635,71116
870,AL59824374134136616832644825,2020-12-17,714,49992
871,RO05LTCW5846460628656754,2021-05-15,886,18240
872,CZ7286787489983550631817,2022-11-09,198,36156
873,EE742052587414521623,2021-02-20,669,44715
874,GE33837165427826118108,2021-08-20,528,64007
875,LI2476559421371897774,2021-10-07,743,9139
876,ES1917174138523788488354,2022-08-16,198,64079
877,IS163908224079823123459443,2021-03-27,893,81667
878,AT041682287646693179,2021-12-15,939,40710
879,MD2562631073640405328661,2020-11-25,980,90444
880,KZ505824269752741308,2021-03-27,85,59731
881,SK3467621861858561119378,2022-03-28,448,80253
882,MT98KOEN51438823386947783866383,2022-10-30,113,47432
883,PT78421270215162014268280,2022-05-19,929,74630
884,GL4366623172670127,2022-10-20,25,891
885,FR9851786252539512821147847,2021-08-15,127,48622
886,CY36847866554983502351461939,2022-04-21,961,17762
887,NL83FJDN0258155644,2022-06-15,159,44807
888,NL11WCPU2581528123,2022-09-28,156,92193
889,HU85226758951017845184211136,2021-08-22,387,45034
890,ME41848686574571522626,2022-06-17,249,92967
891,FR3587723651362843384521134,2020-12-21,174,19080
892,LV89VDJF6644644239745,2020-12-04,313,52124
893,NL46BQSF3891772434,2021-08-07,511,57618
894,FI7587937192781672,2022-08-03,451,88693
895,HR1045214671210077413,2021-03-23,27,93863
896,KW2975733271578559050736651634,2022-10-09,208,75713
897,MK76230581676515636,2021-04-10,73,40677
898,FR4957986714419839725410335,2021-07-13,666,32832
899,FI2962412417896987,2021-07-15,504,96530
900,MC8730894551837851285763671,2020-12-29,609,93629
901,DO15416767760084577399155654,2022-05-09,3,37841
902,AD4223742410591154276718,2021-10-05,667,85185
903,SA1186832148568945689428,2022-08-03,542,26
904,KW6439377886947358891826504274,2022-04-23,116,58680
905,AZ44818844732645762768327223,2021-07-15,301,57256
906,FO6273151223478078,2022-07-06,115,63947
907,GB52MVIH56250206778625,2020-12-18,250,24227
908,DE66696397773084645494,2021-06-23,944,31105
909,ES6521576255524652122324,2021-10-25,348,39605
910,CR8471126445216453624,2022-04-28,723,46163
911,MD9432836170652688183417,2022-09-05,686,69502
912,ME30986451743315127465,2022-05-25,26,86164
913,ES2951182114505455574646,2022-06-02,622,11793
914,ES4784362376450821831718,2021-07-07,555,69331
915,AT032090852818493549,2022-05-02,223,25822
916,LB89256876264580473252758321,2022-10-15,840,35690
917,RO72OLVP2726375385213613,2022-07-04,678,10233
918,TR642764223803655173367212,2022-06-25,904,82826
919,BE11246859724750,2022-08-04,676,38929
920,NO0909192571247,2021-04-30,51,85178
921,LB38916221444345375155613152,2021-03-09,705,33519
922,FI6628127672584121,2022-11-04,554,15765
923,SI17811972161156334,2021-09-06,68,91676
924,KW8911688524268150285660726256,2022-09-10,967,9133
925,IS737828493824178326169848,2022-10-10,909,47837
926,LV45FJIK4594341690718,2022-10-30,433,53886
927,DK5314525484729396,2021-04-18,783,18553
928,BE40652268595237,2022-09-04,748,38966
929,FI1315462826457366,2021-09-22,421,61329
930,MC7483783699337469135755922,2021-05-22,748,41948
931,DE30276018578013943963,2021-09-23,381,90534
932,EE173049188465296226,2021-01-07,691,42456
933,IE37SJMK06316418461891,2021-05-31,228,67336
934,PT41068558128343784261511,2021-05-10,71,92583
935,DO16440085308882859409987785,2022-07-18,799,70503
936,SA1533108260435723844865,2021-05-24,286,5670
937,AE381873217982566385586,2021-01-01,545,43479
938,LU221080723667551013,2021-06-07,365,24532
939,LI4245244535522594302,2021-01-17,282,79525
940,CY68659868942082628876928432,2022-08-04,288,77184
941,BE34354425584457,2022-03-03,79,69689
942,PS334212264416788714163138140,2021-03-15,545,44056
943,MT85SJRR15551311443363071525151,2021-08-24,269,97515
944,NO7143524475524,2022-03-23,230,61595
945,IE77CSUT65367421951761,2022-03-06,780,14239
946,GT94112824230065169043663726,2021-09-27,807,15942
947,GT40347177476535538325621422,2020-11-27,707,35202
948,LT490542905619852337,2022-04-02,224,96365
949,LT900835855342628654,2021-02-21,921,16092
950,HR5757883540852539723,2021-07-14,924,89100
951,BG22LJVL46336534151046,2021-10-09,215,60061
952,AD9076310588187897414741,2020-12-10,672,5676
953,SI34683444094664473,2021-10-18,163,46830
954,RO07CLYH4756360227271266,2022-04-12,856,45635
955,NL15BORR3475231668,2021-01-14,78,66519
956,KW1133807523522174688682509580,2022-08-21,592,55323
957,LI1161283147351384765,2021-03-08,688,64273
958,AE206058621892041168818,2021-03-14,150,65483
959,FR3888164511688110531198486,2022-02-26,923,54784
960,AZ26884544423164243675359620,2022-01-06,438,14758
961,VG2586730782763235591249,2022-09-19,370,87981
962,GT74491825288127955625251685,2020-12-04,704,86526
963,AE256865652856144872132,2021-03-26,893,34886
964,KW5485158376875825085317386249,2022-04-19,708,84425
965,MD1364995732856348458446,2022-08-14,362,60913
966,ME18751181513763788262,2021-05-16,749,3551
967,FI1833835313267716,2022-11-07,378,57470
968,LB94278582676740855616217782,2021-10-15,275,19744
969,MC4687887247187196454426081,2022-07-29,149,42749
970,KW8463777607928565853625341876,2020-12-19,209,31582
971,AE197453085670547136738,2021-05-22,610,37831
972,MD7956726311144810577064,2021-12-05,361,25570
973,SK7202751289528894042758,2022-10-25,495,69653
974,SE9427383564593646684174,2022-03-20,469,75408
975,BH91204537115137547621,2021-06-02,634,93468
976,IL808470374788654158612,2022-01-21,911,82428
977,KW7445611170306229139868113285,2021-01-21,586,97442
978,MT21GCIB81253228695436746360346,2021-10-11,855,179
979,CY36795174760253133816578329,2021-06-02,456,20878
980,ME04808616224329301422,2022-09-16,460,6828
981,TR531736701421346742631182,2022-01-25,240,33652
982,CZ5640770141640309526160,2022-01-08,751,90921
983,LT755274113765469863,2021-05-01,492,49208
984,CY71367361825264057420464548,2021-08-26,778,42197
985,CR3730756855953788288,2021-05-22,387,80071
986,AE789226165613282865114,2021-02-10,105,25922
987,TN7042894342884865825253,2021-11-29,65,75708
988,KZ592618722474816823,2022-10-06,972,5672
989,LU354258183489563261,2022-11-22,869,79463
990,LV73EXJT7681979435124,2020-12-09,644,44691
991,ES9658237774325605325818,2021-10-02,691,83042
992,LI5184761630085664538,2021-03-19,797,85115
993,HU54583114883771289772821173,2021-12-28,818,72095
994,PL62146489523942777778571398,2021-05-25,985,9383
995,SM8111635136546156884862568,2021-04-27,539,68593
996,DK5736822882877130,2020-12-08,473,95129
997,CZ0323228040628906468636,2022-02-04,635,76589
998,ME94515814468624771729,2022-05-16,759,80075
999,KZ252343462319083633,2021-04-30,108,11118
1000,GB86EVHI98719626289731,2021-02-09,319,95253
